{
    "Specific":[{
        "Path": "walk_0.png",
        "PivotX": 0.7,
        "PivotY": 0.1
    },
    {
        "Path": "walk_1.png",
        "PivotX": 0.7,
        "PivotY": 0.1
    },
    {
        "Path": "walk_2.png",
        "PivotX": 0.7,
        "PivotY": 0.0
    },
    {
        "Path": "walk_3.png",
        "PivotX": 0.7,
        "PivotY": 0.0
    },
    {
        "Path": "idle_0.png",
        "PivotX": 0.7,
        "PivotY": 0.0
    },
    {
        "Path": "idle_1.png",
        "PivotX": 0.7,
        "PivotY": 0.0
    },
    {
        "Path": "idle_2.png",
        "PivotX": 0.7,
        "PivotY": 0.0
    },
    {
        "Path": "idle_3.png",
        "PivotX": 0.7,
        "PivotY": 0.0
    },
    {
        "Path": "idle_4.png",
        "PivotX": 0.7,
        "PivotY": 0.0
    },
    {
        "Path": "idle_5.png",
        "PivotX": 0.7,
        "PivotY": 0.0
    },
    {
        "Path": "attack_0.png",
        "PivotX": 0.7,
        "PivotY": 0.0
    },
    {
        "Path": "attack_1.png",
        "PivotX": 0.7,
        "PivotY": 0.0
    },
    {
        "Path": "attack_2.png",
        "PivotX": 0.7,
        "PivotY": 0.0
    },
    {
        "Path": "attack_3.png",
        "PivotX": 0.7,
        "PivotY": 0.0
    },
    {
        "Path": "a1.png",
        "PivotX": 0.7,
        "PivotY": 0.0
    },
    {
        "Path": "a2.png",
        "PivotX": 0.7,
        "PivotY": 0.0
    },
    {
        "Path": "a3.png",
        "PivotX": 0.7,
        "PivotY": 0.0
    },
    {
        "Path": "death_0.png",
        "PivotX": 0.3,
        "PivotY": 0.0
    },
    {
        "Path": "death_1.png",
        "PivotX": 0.3,
        "PivotY": 0.0
    },
    {
        "Path": "death_2.png",
        "PivotX": 0.3,
        "PivotY": 0.0
    },
    {
        "Path": "death_3.png",
        "PivotX": 0.3,
        "PivotY": 0.0
    },
    {
        "Path": "death_4.png",
        "PivotX": 0.3,
        "PivotY": 0.0
    },
    {
        "Path": "death_5.png",
        "PivotX": 0.3,
        "PivotY": 0.0
    },
    {
        "Path": "death_6.png",
        "PivotX": 0.3,
        "PivotY": 0.0
    },
    {
        "Path": "death_7.png",
        "PivotX": 0.3,
        "PivotY": 0.0
    },
    {
        "Path": "death_8.png",
        "PivotX": 0.3,
        "PivotY": 0.0
    },
    {
        "Path": "death_9.png",
        "PivotX": 0.3,
        "PivotY": 0.0
    },
    {
        "Path": "death_10.png",
        "PivotX": 0.3,
        "PivotY": 0.0
    },
    {
        "Path": "death_11.png",
        "PivotX": 0.3,
        "PivotY": 0.0
    },
    {
        "Path": "death_12.png",
        "PivotX": 0.3,
        "PivotY": 0.0
    }]
}