{
    "Specific":[{
        "Path": "walk_0_item.png",
        "PivotX": 0.0,
        "PivotY": 0.6
    },
    {
        "Path": "walk_1_item.png",
        "PivotX": 0.0,
        "PivotY": 0.6
    },
    {
        "Path": "walk_2_item.png",
        "PivotX": 0.0,
        "PivotY": 0.6
    },
    {
        "Path": "walk_3_item.png",
        "PivotX": 0.0,
        "PivotY": 0.6
    },
    {
        "Path": "idle_0_item.png",
        "PivotX": 0.0,
        "PivotY": 0.6
    }]
}